<?xml version="1.0" encoding="UTF-8"?>
<project-private xmlns="http://www.netbeans.org/ns/project-private/1">
    <editor-bookmarks xmlns="http://www.netbeans.org/ns/editor-bookmarks/2" lastBookmarkId="0"/>
    <open-files xmlns="http://www.netbeans.org/ns/projectui-open-files/2">
        <group>
            <file>file:/C:/xampp/htdocs/RealEstate/add_property.php</file>
            <file>file:/C:/xampp/htdocs/RealEstate/broker_panel.php</file>
            <file>file:/C:/xampp/htdocs/RealEstate/all_properties.php</file>
            <file>file:/C:/xampp/htdocs/RealEstate/header.php</file>
            <file>file:/C:/xampp/htdocs/RealEstate/admin_login.php</file>
            <file>file:/C:/xampp/htdocs/RealEstate/config.php</file>
            <file>file:/C:/xampp/htdocs/RealEstate/delete_property.php</file>
        </group>
    </open-files>
</project-private>
